fold,model_lin_rmse,model_sarima_rmse,model_tbats_rmse
1,17.95004617558107,9.93613036955875,13.672788208709637
