fold,model_lin_rmse,model_sarima_rmse,model_tbats_rmse
0,15.951337290480305,23.103067767484813,16.263123413546314
