fold,model_lin_rmse,model_sarima_rmse,model_tbats_rmse
1,21.110440266157276,26.14251180300761,19.742483184843014
