fold,model_lin_rmse,model_sarima_rmse,model_tbats_rmse
1,28.814066134708778,34.39905975154307,32.103292146958566
