fold,model_lin_rmse,model_sarima_rmse,model_tbats_rmse
4,30.90300718351365,56.28629353519354,43.60025079692739
