fold,model_lin_rmse,model_sarima_rmse,model_tbats_rmse
1,21.680450079671303,34.69751759384812,18.236773380453098
