fold,model_lin_rmse,model_sarima_rmse,model_tbats_rmse
3,20.742514520498027,36.848146182952725,20.23785168179396
