fold,model_lin_rmse,model_sarima_rmse,model_tbats_rmse
3,16.087499096056316,19.72867344348324,23.642295720165784
