fold,model_lin_rmse,model_sarima_rmse,model_tbats_rmse
4,58.67449016713249,75.21530118333072,63.687144413961185
