fold,model_lin_rmse,model_sarima_rmse,model_tbats_rmse
4,32.67618058609242,37.968757122963446,26.102560683565034
