fold,model_lin_rmse,model_sarima_rmse,model_tbats_rmse
2,21.141053882436037,29.094704317048574,23.341672454298845
