fold,model_lin_rmse,model_sarima_rmse,model_tbats_rmse
2,25.63113980900546,25.316030530877978,30.553080082577207
