fold,model_lin_rmse,model_sarima_rmse,model_tbats_rmse
2,21.86733064826023,37.04342343793573,23.47607887665209
