fold,model_lin_rmse,model_sarima_rmse,model_tbats_rmse
1,25.519184958381093,71.03353139885716,25.25087806826046
