fold,model_lin_rmse,model_sarima_rmse,model_tbats_rmse
3,16.08749909605631,19.728673423420823,23.642294774022343
