fold,model_lin_rmse,model_sarima_rmse,model_tbats_rmse
4,46.10490194842803,51.81377239520237,41.00804671681821
