fold,model_lin_rmse,model_sarima_rmse,model_tbats_rmse
2,19.635038415367315,24.96730096856055,18.36249694862191
