fold,model_lin_rmse,model_sarima_rmse,model_tbats_rmse
3,23.839887621794716,36.502553997912614,24.767111036453528
