fold,model_lin_rmse,model_sarima_rmse,model_tbats_rmse
2,21.81971457560689,30.61142519296835,21.343350723343914
