fold,model_lin_rmse,model_sarima_rmse,model_tbats_rmse
3,29.154512379550333,39.01510684472051,28.3197313919613
