fold,model_lin_rmse,model_sarima_rmse,model_tbats_rmse
4,53.042285896802326,60.9947843955377,46.60319084460724
