fold,model_lin_rmse,model_sarima_rmse,model_tbats_rmse
2,22.314356631779546,33.88861369475825,21.22394897208768
