fold,model_lin_rmse,model_sarima_rmse,model_tbats_rmse
3,21.905233675429034,39.49044907530477,23.729283857014316
