fold,model_lin_rmse,model_sarima_rmse,model_tbats_rmse
4,31.773504270204636,56.270986593343565,43.7287028825514
