fold,model_lin_rmse,model_sarima_rmse,model_tbats_rmse
2,25.920785384805228,45.7507675242953,39.477234680749866
