fold,model_lin_rmse,model_sarima_rmse,model_tbats_rmse
1,28.814066134708757,34.399059739125185,32.103292146958466
