fold,model_lin_rmse,model_sarima_rmse,model_tbats_rmse
3,22.045686880558502,42.03540220173046,29.878432100832107
