fold,model_lin_rmse,model_sarima_rmse,model_tbats_rmse
2,20.477883112733537,14.551953257359033,20.67312414032506
