fold,model_lin_rmse,model_sarima_rmse,model_tbats_rmse
3,20.98366753268622,31.795311321326114,24.57436947880987
