fold,model_lin_rmse,model_sarima_rmse,model_tbats_rmse
2,24.026708461509795,29.93891105092471,23.854719855048497
