fold,model_lin_rmse,model_sarima_rmse,model_tbats_rmse
1,22.159752643818553,34.27316992752817,25.997282790426524
