fold,model_lin_rmse,model_sarima_rmse,model_tbats_rmse
1,23.179393009141982,26.16035031300775,24.434171350299543
