fold,model_lin_rmse,model_sarima_rmse,model_tbats_rmse
0,17.996718988446297,23.236005261047115,21.31418277482813
