fold,model_lin_rmse,model_sarima_rmse,model_tbats_rmse
0,16.14504453906039,24.27296041980934,10.485163744785382
