fold,model_lin_rmse,model_sarima_rmse,model_tbats_rmse
1,20.821349652164926,32.00261674185922,22.040383000065223
