fold,model_lin_rmse,model_sarima_rmse,model_tbats_rmse
2,21.213669019534187,30.856620232466177,17.570992770005734
