fold,model_lin_rmse,model_sarima_rmse,model_tbats_rmse
4,38.58131595116852,58.15502619285886,42.56296652239164
