fold,model_lin_rmse,model_sarima_rmse,model_tbats_rmse
3,29.27824027823372,63.87729036973366,27.74907025419338
