fold,model_lin_rmse,model_sarima_rmse,model_tbats_rmse
2,20.47788311273353,14.551953248924397,20.673106587406494
