fold,model_lin_rmse,model_sarima_rmse,model_tbats_rmse
3,14.600128933353535,27.0083720949065,13.875188012107037
