fold,model_lin_rmse,model_sarima_rmse,model_tbats_rmse
1,26.878504876672668,33.273926987522685,24.837225514384112
