fold,model_lin_rmse,model_sarima_rmse,model_tbats_rmse
4,81.34760311340887,116.89763613565415,97.08203993064261
