fold,model_lin_rmse,model_sarima_rmse,model_tbats_rmse
1,21.27891380064224,30.052480762865997,21.025386267801316
