fold,model_lin_rmse,model_sarima_rmse,model_tbats_rmse
4,38.67274572021768,58.055056614408564,47.547241881422984
