fold,model_lin_rmse,model_sarima_rmse,model_tbats_rmse
4,59.384708084918564,74.98974065190308,60.86435005888005
