fold,model_lin_rmse,model_sarima_rmse,model_tbats_rmse
0,16.599694943932914,13.58097018059392,21.454254380563185
