fold,model_lin_rmse,model_sarima_rmse,model_tbats_rmse
3,21.665209930053713,32.20305712255679,23.63009058531229
