fold,model_lin_rmse,model_sarima_rmse,model_tbats_rmse
2,19.365115786796185,24.896381356128458,19.26365466105545
