fold,model_lin_rmse,model_sarima_rmse,model_tbats_rmse
1,22.31323412634236,34.82349731579247,24.195227308706354
