fold,model_lin_rmse,model_sarima_rmse,model_tbats_rmse
1,23.351225405789506,26.3224240963832,21.601462119200395
