fold,model_lin_rmse,model_sarima_rmse,model_tbats_rmse
0,17.03164479976726,27.244570548026143,21.19402343782679
