fold,model_lin_rmse,model_sarima_rmse,model_tbats_rmse
3,22.7915077601077,40.61668265852885,25.31763316529616
