fold,model_lin_rmse,model_sarima_rmse,model_tbats_rmse
3,15.507738142386765,30.140792303155223,16.411397867335424
