fold,model_lin_rmse,model_sarima_rmse,model_tbats_rmse
3,20.22987049682339,31.331879839129805,28.20497274116827
