fold,model_lin_rmse,model_sarima_rmse,model_tbats_rmse
2,26.21210731488906,46.409867406697366,26.783571703675165
