fold,model_lin_rmse,model_sarima_rmse,model_tbats_rmse
1,27.46113010303277,33.11290954511382,28.818984104185866
