fold,model_lin_rmse,model_sarima_rmse,model_tbats_rmse
2,21.633222584194474,35.15788800084479,21.279933260758764
