fold,model_lin_rmse,model_sarima_rmse,model_tbats_rmse
0,17.76922226468919,24.80139881962176,20.160620557772393
