fold,model_lin_rmse,model_sarima_rmse,model_tbats_rmse
4,33.77189033636351,56.1859210819294,43.40254538736284
