fold,model_lin_rmse,model_sarima_rmse,model_tbats_rmse
2,20.727599400337425,30.84099135845186,18.511224427323633
