fold,model_lin_rmse,model_sarima_rmse,model_tbats_rmse
3,13.544259842541821,21.746407199061462,27.664863350181513
