fold,model_lin_rmse,model_sarima_rmse,model_tbats_rmse
4,44.88477512290918,50.49669357080483,41.88663547757923
