fold,model_lin_rmse,model_sarima_rmse,model_tbats_rmse
3,24.923547607316767,37.615434701417136,27.223831467319236
