fold,model_lin_rmse,model_sarima_rmse,model_tbats_rmse
4,59.79085218658265,73.82651887482031,64.7585925844538
