fold,model_lin_rmse,model_sarima_rmse,model_tbats_rmse
3,17.888413738034842,35.90520891960997,24.044024856161723
