fold,model_lin_rmse,model_sarima_rmse,model_tbats_rmse
2,20.296105079248182,29.212697093981415,23.24933431680226
