fold,model_lin_rmse,model_sarima_rmse,model_tbats_rmse
0,18.64917783031475,19.89778741961267,21.97661735131414
