fold,model_lin_rmse,model_sarima_rmse,model_tbats_rmse
3,29.169169048278377,67.46667923831433,28.76697273173639
