fold,model_lin_rmse,model_sarima_rmse,model_tbats_rmse
3,20.76673505321469,31.507925579401768,27.24114423255799
