fold,model_lin_rmse,model_sarima_rmse,model_tbats_rmse
2,20.275788596699435,14.379971087879287,20.641149894391962
