fold,model_lin_rmse,model_sarima_rmse,model_tbats_rmse
1,28.154696950984373,33.82895756481101,33.66617557159668
