fold,model_lin_rmse,model_sarima_rmse,model_tbats_rmse
1,21.448144507707607,25.906980821473812,22.65416562953642
