fold,model_lin_rmse,model_sarima_rmse,model_tbats_rmse
4,39.61050059575337,57.20914587227093,47.78373760608085
