fold,model_lin_rmse,model_sarima_rmse,model_tbats_rmse
2,22.90426507184709,30.161885222808344,23.618850999309778
