fold,model_lin_rmse,model_sarima_rmse,model_tbats_rmse
2,24.595242882445206,26.197611639260906,33.12109722893581
