fold,model_lin_rmse,model_sarima_rmse,model_tbats_rmse
4,84.61190910173703,113.67214990807139,106.95195232204847
