fold,model_lin_rmse,model_sarima_rmse,model_tbats_rmse
1,20.87257280203708,31.840630596957165,22.874196772125984
