fold,model_lin_rmse,model_sarima_rmse,model_tbats_rmse
1,17.53648249049442,11.207844661077367,8.99377091255049
