fold,model_lin_rmse,model_sarima_rmse,model_tbats_rmse
0,15.7754365776527,25.564766737668094,15.42741450552323
