fold,model_lin_rmse,model_sarima_rmse,model_tbats_rmse
2,19.952157256880607,36.411850335917386,25.643931853654507
