fold,model_lin_rmse,model_sarima_rmse,model_tbats_rmse
4,53.04205295052914,59.63120612478902,53.88699513465871
