fold,model_lin_rmse,model_sarima_rmse,model_tbats_rmse
4,33.71006943741631,56.215339533111695,43.26660091281098
