fold,model_lin_rmse,model_sarima_rmse,model_tbats_rmse
4,35.32054019854569,34.694442012530246,34.384889533438816
