fold,model_lin_rmse,model_sarima_rmse,model_tbats_rmse
3,19.29784114990544,39.08625109147855,28.6832171553748
