fold,model_lin_rmse,model_sarima_rmse,model_tbats_rmse
3,29.5687757710582,43.345795452650435,27.683576359388734
