fold,model_lin_rmse,model_sarima_rmse,model_tbats_rmse
1,26.140339437415655,71.53530324856777,25.775385911492638
