fold,model_lin_rmse,model_sarima_rmse,model_tbats_rmse
1,20.974192613073665,29.828239307436828,22.15094098385633
