fold,model_lin_rmse,model_sarima_rmse,model_tbats_rmse
0,17.97128694225435,44.46759485564245,18.079570664817744
