fold,model_lin_rmse,model_sarima_rmse,model_tbats_rmse
0,18.953895014539906,30.60339470348288,17.63226854009888
