fold,model_lin_rmse,model_sarima_rmse,model_tbats_rmse
1,21.93096610289512,34.49438130644758,19.80703914784363
