fold,model_lin_rmse,model_sarima_rmse,model_tbats_rmse
2,21.241403230343852,31.775120925677477,21.567231755594012
