model_lin_rmse,model_sarima_rmse,model_tbats_rmse
26.146699991371726,55.07485837897486,29.036996173047097
