model_lin_rmse,model_sarima_rmse,model_tbats_rmse
27.250747863653938,33.93904334178486,26.39942434691191
