model_lin_rmse,model_sarima_rmse,model_tbats_rmse
22.453144507386895,26.45707231264395,20.51457538092408
