model_lin_rmse,model_sarima_rmse,model_tbats_rmse
32.05193343433469,44.52004312333032,32.696293411463174
