model_lin_rmse,model_sarima_rmse,model_tbats_rmse
25.555082699985665,40.26122175369575,29.471842324187463
