model_lin_rmse,model_sarima_rmse,model_tbats_rmse
25.896538135051145,39.90902177559078,28.899387915180213
