model_lin_rmse,model_sarima_rmse,model_tbats_rmse
31.56520579831546,43.8375248392365,35.09436134342207
