model_lin_rmse,model_sarima_rmse,model_tbats_rmse
26.646915933062242,33.43623131543191,27.814538172224935
