model_lin_rmse,model_sarima_rmse,model_tbats_rmse
26.525832930138332,56.06482521077293,29.150056574679333
