model_lin_rmse,model_sarima_rmse,model_tbats_rmse
23.070098205096798,26.50765516718812,23.407213690731293
