,best_12_hours_model: LinearRegression,lag_24,lag_72,lag_168
rmse,37.36755593537715,49.67813066799783,58.339166375029166,51.645425741298716
nrmse,0.6721300123090603,0.8158960568074528,0.9581418455723588,0.8482062156499819
r2,0.5482412465534223,0.3343136244860496,0.08196420376319424,0.2805462157327365
