,best_3_days_model: LinearRegression,lag_72,lag_168
rmse,50.82497062241459,57.75743287778274,52.41446666512475
nrmse,0.8084702798008087,0.9312437342713136,0.8450971803119351
r2,0.3463758066788023,0.13278510738041904,0.28581075582881643
