,best_day_model: LinearRegression,lag_24,lag_72,lag_168
rmse,43.11908702218012,47.48571213684025,57.95965345454913,51.07382611754982
nrmse,0.6986320296305467,0.808350639133729,0.9866488424758368,0.8694312062995528
r2,0.511913287174303,0.346569244212092,0.026524061641091334,0.24408937751250437
