,best_hour_model: LinearRegression,lag_1,lag_24,lag_72,lag_168
rmse,41.06946080850136,74.29642207625703,49.67813066799783,58.339166375029166,51.645425741298716
nrmse,0.6745103062110643,1.2202181722986998,0.8158960568074528,0.9581418455723588,0.8482062156499819
r2,0.5450358468150562,-0.48893238800797945,0.3343136244860496,0.08196420376319424,0.2805462157327365
