,best_hour_model: LinearRegression,lag_1,lag_24,lag_72,lag_168
rmse,41.069460808501354,74.29642207625703,58.339166375029166,49.67813066799783,51.645425741298716
nrmse,0.6745103062110642,1.2202181722986998,0.9581418455723588,0.8158960568074528,0.8482062156499819
r2,0.5450358468150565,-0.48893238800797945,0.08196420376319424,0.3343136244860496,0.2805462157327365
