,best_week_model: LinearRegression,lag_168
rmse,50.02758318007541,46.98502977817311
nrmse,0.7983220286033837,0.753809094006221
r2,0.36268193864657816,0.43177184979352023
