,best_week_model: LinearRegression,lag_168
rmse,50.027583180075425,46.98502977817311
nrmse,0.798322028603384,0.753809094006221
r2,0.36268193864657783,0.43177184979352023
