model_lin_rmse,model_sarima_rmse,model_tbats_rmse
25.790451194442305,39.01855486281063,27.119107304768125
