model_lin_rmse,model_sarima_rmse,model_tbats_rmse
40.99117987003565,55.91739494227694,48.78967987794362
