model_lin_rmse,model_sarima_rmse,model_tbats_rmse
30.177727688026234,35.947329808615414,28.8007649618512
