model_lin_rmse,model_sarima_rmse,model_tbats_rmse
25.52645734080405,41.71420605099571,32.82220728615114
