model_lin_rmse,model_sarima_rmse,model_tbats_rmse
32.920785928567504,44.3080901644416,34.638282929459
