model_lin_rmse,model_sarima_rmse,model_tbats_rmse
33.03023347186763,43.73930356228071,36.452423573355176
