model_lin_rmse,model_sarima_rmse,model_tbats_rmse
30.042622845257267,35.375844519530354,31.516888966189207
