model_lin_rmse,model_sarima_rmse,model_tbats_rmse
26.41925430113481,42.765720135651684,29.67192852969698
