model_lin_rmse,model_sarima_rmse,model_tbats_rmse
42.00468205420522,54.64410046894718,53.336325796401596
