model_lin_rmse,model_sarima_rmse,model_tbats_rmse
26.21559316732301,39.10974081540768,29.406440916259783
